2020-01-29 03:18:49,RockySaysNow,True,True,RT @pattonoswalt: WHY do they still let him speak in public? This is elder abuse. You can even hear someone from FOX News giggling at him b‚Ä¶,Fox News cut away from Trump's rally immediately after his brain short-circuited https://t.co/0jgKzVLb9E
2020-01-29 03:18:50,freebuswifi,True,True,RT @viIIaneuves: j*ker killed multiple innocent people. amy was just vibing,what üò≠üò≠üò≠üò≠ https://t.co/pu8eLCwBZV
2020-01-29 03:18:50,Twitty_A_Threat,True,False,RT @RyanHillMI: @realDonaldTrump Correct. That‚Äôs why the Democratic President is currently impeached for Abuse of Power and Obstruction of‚Ä¶,
2020-01-29 03:18:50,shannon_deisen,True,False,RT @reappropriate: This is a DIRECT assault on the immigrant community, including (but certainly not limited to) Asian Americans. The impac‚Ä¶,
2020-01-29 03:18:50,eamoncares,True,False,RT @siano4progress: Ashton Kutcher spoke before congress about sexual exploitation of children. He has a non-profit that helps victim of ab‚Ä¶,
2020-01-29 03:18:50,izabela79902030,True,False,RT @decameron1349: Sexy assault...üòéüå∫üåà https://t.co/4gQds5uxjF,
2020-01-29 03:18:50,JLawlerMusic,False,False,@AlanDersh Your pompous assumption that you‚Äôre always the smartest person in the room is in fact an act. You‚Äôre more than likely an idiot who has no idea what is going on and is just making shit up to get attention. Say one more time how you‚Äôre a liberal &amp; you voted for Clinton, you fraud.,
2020-01-29 03:18:50,Maharishi2016,True,True,RT @ShevtsovYuri: –ù–µ—Å–∫–æ–ª—å–∫–æ –º–∏–Ω—É—Ç –Ω–∞–∑–∞–¥ –ù–µ—Ç–∞–Ω—å—è—Ö—É –±—ã–ª–æ –ø—Ä–µ–¥—ä—è–≤–ª–µ–Ω—ã –æ–±–≤–∏–Ω–µ–Ω–∏—è –≤–æ –≤–∑—è—Ç–æ—á–Ω–∏—á–µ—Å—Ç–≤–µ, –º–æ—à–µ–Ω–Ω–∏—á–µ—Å—Ç–≤–µ –∏ —É—Ç—Ä–∞—Ç–µ –¥–æ–≤–µ—Ä–∏—è‚úåÔ∏èüòâü§î,Minutes ago in Jerusalem: Netanyahu officially indicted for bribery, fraud and breach of trust. Overnight he withdrew his failed request for immunity, which was the last hurdle for the prosecution. All of this while he's preparing to meet Trump in 3 hours 
https://t.co/jxdHbnTBPp
2020-01-29 03:18:50,TOproh,False,False,Panelist notes cars killed more people in a year than SARS.
I fully support giving drivers the same prejudice given to azns.
#topoli #coronoavirus #2019nCoV #walkTO #VisionZeroTO 
https://t.co/oyGFkws88t,
2020-01-29 03:18:50,imxnsyxkxrxx,True,True,RT @shanedawson: Rest In Peace ‚ù§Ô∏è,.@CBSLA has identified all 9 people aboard the helicopter that killed Kobe Bryant &amp; Gianna Bryant, 13
-John Altobelli, wife Keri and daughter Alyssa
-Christina Mauser
-Sarah Chester &amp;daughter Payton Chester
-Ara Zobayan, pilot
https://t.co/0W6MXWZ1n1‚Ä¶/kobe-bryant-crash-who-wa‚Ä¶/ https://t.co/idL1uIxLGQ
2020-01-29 03:18:50,KundanP56933187,True,False,RT @UNICEFROSA: Sexual abuse.
Child marriage.
Lack of access to education.
Saudhullah Ali outlines some serious issues children face growi‚Ä¶,
2020-01-29 03:18:50,RahulJayaMehul,True,True,RT @Payal_Rohatgi: ‡§∞‡§æ‡§Æ ‡§∞‡§æ‡§Æ ‡§ú‡•Ä üôè Bhakts U think she seems to enjoy #Halala in Sharia law ü§£ She hates the Indian Constitution. Also the entir‚Ä¶,Really robust hard work by all the bhakts to paint an upsurge where people read the #constitution as an anti national conspiracy. 
One #SharjeelImam now arrested being used to discredit an entire movement.
But Truth has it's own power.
2020-01-29 03:18:50,acc_anarcho,False,True,Woah! 
This should definitely get talked about more.,Even hotter take: The Menshevik leadership were basically the people who called Bauman out, and the Bolshevik/Menshevik beef literally evolved from an abuse denial? Like if one of our shitty scenes that got split over sexual assault assumed world historical power?
2020-01-29 03:18:50,RealKaraB,False,True,my brother woulda killed him ü§£ü§£ü§£ü§£ he wont even let me stand there n rap with a nigga !,Brother protects his sister after some pussy decides to swings on her, I love to see it üí™üíØ
 https://t.co/w6TmrN6Dxn
2020-01-29 03:18:50,membacotimu,True,False,RT @deerhaunt: so women shouldn't talk about rape when the rapist is alive because it could ruin the rapist's life, &amp; women shouldn't talk‚Ä¶,
2020-01-29 03:18:50,MJay47259428,True,True,RT @saket71: Fortunately it was @myogiadityanath at the helm. One shudders to think if it was Akhilesh Government,Parvesh Verma rightly said, they will enter our homes, rape us!  Our memory is bleak and weak. This is what happened just 2 years back in Delhi NCR! 
That's why we need CAA and NRC! But Kejriwal and his gang standing  with Bangladeshis of ShaheenBagh! Whom you are standing with? https://t.co/qLKAuDjlAP
2020-01-29 03:18:51,ImNotMandie,False,False,@bachandler2 @na10shun @VinceGottalotta OR They took off bribery because Biden did the same thing when he threatened to withhold aid. 
How does one prove they didn‚Äôt commit a crime that isn‚Äôt a crime? How does one prove they didn‚Äôt abuse power, something that any president could have been accused of doing....,
2020-01-29 03:18:51,havenlaraee,True,False,RT @lukasgage: influenza killed 2 out of the 7 twilight vampires,

2020-01-29 03:18:51,WeThePeopleSOS,True,False,RT @cnnbrk: A police officer in Maryland was charged with murder after authorities say he shot an unarmed man seven times while he had him‚Ä¶,

2020-01-29 03:18:51,smarionaaa,True,False,RT @deerhaunt: so women shouldn't talk about rape when the rapist is alive because it could ruin the rapist's life, &amp; women shouldn't talk‚Ä¶,

2020-01-29 03:18:51,_R_E_L,True,True,RT @_BrittanyAshlee: They fasho gonna show him they see him as black before they see him as blue https://t.co/n9S7SA35Se,A police officer in Maryland was charged with murder after authorities say he shot an unarmed man seven times while he had him handcuffed inside his cruiser https://t.co/DE6bqbtsJj https://t.co/3WchJe5nk5

2020-01-29 03:18:51,amexlabs,False,True,#FreePalestine,Trump's peace plan greenlighting the perm. annexation of Palestine is theft. Israel is an apartheid state that has for long, been recoding its settler colonial project to 'liberation' while consistently eroding Palestinian rights. 

#FreePalestine 
From the river to the sea. https://t.co/eVRrUBeMkA

2020-01-29 03:18:51,kranthi9079,True,True,RT @Punnajiaka: Next time I catch Tharoor in plane i am going to ask him about mysterious murder of his wife...,The truth is that it was time someone gave him a taste of his own medicine. These are the words he regularly uses to berate his innocent victims, except he does so in a hectoring, bullying manner &amp; at higher volume &amp; pitch than @kunalkamra88 does in this video.

2020-01-29 03:18:51,owensclarence,True,True,RT @hqdada: do you know the name of even one of the tens of thousands of afghan civilians murdered by the us military in the last 18 years?‚Ä¶,Sad that @kobebryant died. But does anyone know the names of the two Americans servicemen who were killed in Afghanistan last week? 

You should. 

Staff Sgt. Ian P. McLaughlin, 29, of Newport News, Va., and Pfc. Miguel A. Villalon, 21, of Joliet, Ill

@DeplorableChoir

2020-01-29 03:18:51,qwertyuiioasdg,True,False,RT @TrumpWarRoom: We just won a critical Supreme Court victory on immigration!

President @RealDonaldTrump: "We will now finally be able to‚Ä¶,

2020-01-29 03:18:51,BeaNdifor,True,False,RT @DFombat: Alert Alert
@PR_PaulBiya to shutdown internet in #SouthernCameroons between Feb 6th-11 for twin elections fraud. 
üò≠üò≠ @RepKaren‚Ä¶,

2020-01-29 03:18:51,BKnight561,False,True,So this "bishop" is such an opportunist, that he used a tweet issued by our @POTUS to spew his vitriol and racist hatred... this is the same "man of God" who called @RealCandaceO a "coon".  He's classless.  Opportunistic.  And a Grade-A Hypocrite.  Tax fraud, much?,You cape for an open white supremacist accused of raping 22 women and a 13 year old, bangs porn stars, commits adultery w/prostitutes, grabs women by the genitals, pathologically lies, and insults everyone who opposes him &amp; you‚Äôre lecturing me on ‚Äúgodliness?‚Äù

Sit down hypocrite. https://t.co/TayjqclaI0

2020-01-29 03:18:52,BrandonBelanger,True,True,RT @SebGorka: Benjamins, right Omar?,This is not a peace plan. 

It is theft. It is erasure.

2020-01-29 03:18:52,spiveydivaa,False,True,https://t.co/ogjm14ljPu,Dr umar thinks all these ppl being killed cuz of their knowledge and all that shit. Says a lot that he‚Äôs still alive and kicking

2020-01-29 03:18:52,martins4xf,True,True,RT @neal_katyal: If they were briefed on it &amp; Trump decided to withhold Bolton‚Äôs testimony because of its contents, it would be a serious a‚Ä¶,Sources on the president's legal team say no one has reviewed Amb John Bolton's manuscript. But when pressed on whether anyone on the team has been briefed on it, they would not answer.

Thus, it is possible that the president's legal has been briefed on Bolton's upcoming book.

2020-01-29 03:18:52,Vsualbangtxn,True,False,RT @del_bangtan: For those that don‚Äôt know Ashton Kutcher is amazing. Spoke in front of Congress about child sexual exploitation and has a‚Ä¶,

2020-01-29 03:18:52,RMcGucci,True,False,RT @TomFitton: @realDonaldTrump BIG: @JudicialWatch sues Schiff even as Senate is afraid to ask him questions over his abuse of @RealDonald‚Ä¶,

2020-01-29 03:18:52,trixa09,True,False,RT @ellie_coulson: Me watching doomsday preppers two weeks ago: what fucking weirdos their poor children that‚Äôs like child abuse.‚Ä¶,

2020-01-29 03:18:52,Macsmart31,True,True,RT @narceducator: Men who abuse and rape women talk like this. I‚Äôm sure he said the same thing to Epstein.,Trump to Pompeo on his treatment of NPR reporter: ‚ÄúI think you did a good job on her.‚Äù (Laughter in room)

2020-01-29 03:18:52,Tpagayz,True,False,RT @RepZoeLofgren: I‚Äôve worked on 3 impeachments in my life:
-Nixon resigned in disgrace
-Clinton apologized to the nation &amp; repented
-Trum‚Ä¶,

2020-01-29 03:18:52,depprayon14,True,False,RT @DrFlipwagon: @NOTSCWill "IGNORE RAPE.",

2020-01-29 03:18:52,Ompraka02770712,True,False,RT @ChimanNaagar: #GodMorningWednesday
Never kill animals for eating meat, they are entitled to live, not born to be killed.
@ - True Saint‚Ä¶,

2020-01-29 03:18:52,Lane_moran98,True,False,RT @gojrice: 100,000-250,000 years: Children lift, crawl, run, and climb as soon as they can out of necessity.

Early 1900's: Children less‚Ä¶,

2020-01-29 03:18:52,MarcusCicero63,False,False,@VirginiaBloom9 @KamalaHarris So long as she has a justice system to abuse I'm sure she'll keep running.,

2020-01-29 03:18:52,ysabeladeguzman,True,False,RT @deerhaunt: so women shouldn't talk about rape when the rapist is alive because it could ruin the rapist's life, &amp; women shouldn't talk‚Ä¶,

2020-01-29 03:18:52,ArchonAvalon,True,False,RT @ChupShaa: Remembering Madam Tahira Qazi, the principal of APS. She was safe, She went back, told the terrorists "I am their mother, tal‚Ä¶,

2020-01-29 03:18:52,annedd3,False,True,#Dershowitz  @SenatorCollins  @SenAlexander @SenatorRomney  @SenateGOP @lisamurkowski  DO WHAT IS RIGHT!   #listentoDershowitz.  Abuse of Power???? Seriously? We have enter the Era of nonstop ‚ÄúImpeachment‚Äôs‚Äù and #ABUSEofTaxPayerMoney,Alan Dershowitz: "great danger" in the Democrats' impeachment of "partisan misuse and weaponization‚Äù
https://t.co/Z8lESACGum https://t.co/pdRPH7KHdF

2020-01-29 03:18:53,401_9163,True,True,RT @dbongino: Can you imagine if Jennifer Rubin had an ounce of principle and finally admitted she‚Äôs a fraud?? Bhahaahhahahahaha üëáüèª,can you imagine if Sekulow and Cipollone had to try a case in front of a real judge? bhahaahhahahahaha

2020-01-29 03:18:53,Hangman669,True,True,RT @renfamous: $47.50 trade in value,Armed robber steals $131,300 in merchandise and cash from GameStop, gets sentenced to 10 years in prison https://t.co/bZoaTIx366 https://t.co/CosukwBSqs

2020-01-29 03:18:53,OK2LA,True,False,RT @CREWcrew: The president appears to have committed at least five separate crimes. And that's just counting the ones from the Ukraine sit‚Ä¶,

2020-01-29 03:18:53,CarlitosCarl97,True,True,RT @Cxmaron: https://t.co/Li8oU7PpZt,Experts Say Deadly Wuhan Virus Can Be Killed By Alcohol &amp;amp; High Temperatures! https://t.co/OhY12RYIy5

2020-01-29 03:18:53,Asher10799595,True,False,RT @machealles1: Drinking my own piss for Goddes Ry 

@GoddessRyxo

#findom, #blackmail https://t.co/HEv2WjJara,

2020-01-29 03:22:59,ReAndromeda,True,True,RT @Punnajiaka: Next time I catch Tharoor in plane i am going to ask him about mysterious murder of his wife... https://t.co/27np5Ia92o,The truth is that it was time someone gave him a taste of his own medicine. These are the words he regularly uses to berate his innocent victims, except he does so in a hectoring, bullying manner &amp; at higher volume &amp; pitch than @kunalkamra88 does in this video. https://t.co/e94B8WcEtj

2020-01-29 03:22:59,GoddessTeaSpill,True,False,RT @Castigueme: My daughter in-law works for @dominos @DominosCareers for 5 years. After years of dedication this is how they let their man‚Ä¶,

2020-01-29 03:22:59,Weallbleedredd,True,False,RT @saladinahmed: hey just a reminder that if you don't have a retirement account or real savings or health insurance it's because working‚Ä¶,

2020-01-29 03:22:58,IAmAPterodactyl,True,False,RT @OhNoSheTwitnt: Ted Cruz trying to act like a tough guy while the taste of the boots of a man who called his wife ugly and said his dad‚Ä¶,

2020-01-29 03:22:59,babymercy__,True,True,RT @Cxmaron: https://t.co/Li8oU7PpZt,Experts Say Deadly Wuhan Virus Can Be Killed By Alcohol &amp;amp; High Temperatures! https://t.co/OhY12RYIy5

2020-01-29 03:22:59,Arulnithi13,True,True,RT @DMKITwing: ‡Æï‡ØÅ‡Æü‡Æø‡ÆØ‡ØÅ‡Æ∞‡Æø‡ÆÆ‡Øà‡Æ§‡Øç ‡Æ§‡Æø‡Æ∞‡ØÅ‡Æ§‡Øç‡Æ§‡Æö‡Øç ‡Æö‡Æü‡Øç‡Æü‡Æ§‡Øç‡Æ§‡ØÅ‡Æï‡Øç‡Æï‡ØÅ ‡Æé‡Æ§‡Æø‡Æ∞‡Ææ‡Æï ‡ÆÖ‡ÆÆ‡Øà‡Æ§‡Æø ‡Æµ‡Æ¥‡Æø‡ÆØ‡Æø‡Æ≤‡Øç ‡Æ™‡Øã‡Æ∞‡Ææ‡Æü‡ØÅ‡ÆÆ‡Øç ‡ÆÆ‡Æï‡Øç‡Æï‡Æ≥‡Øà, "‡Æµ‡ØÄ‡Æü‡Øç‡Æü‡Æø‡Æ≤‡Øç ‡Æ™‡ØÅ‡Æï‡ØÅ‡Æ®‡Øç‡Æ§‡ØÅ ‡Æï‡Øä‡Æ≤‡Øà - ‡Æï‡Æ±‡Øç‡Æ™‡Æ¥‡Æø‡Æ™‡Øç‡Æ™‡ØÅ ‡Æö‡ØÜ‡ÆØ‡Øç‡Æµ‡Ææ‡Æ∞‡Øç‡Æï‡Æ≥‡Øç"‚Ä¶,#WATCH: BJP MP Parvesh Verma says, "...Lakhs of people gather there (Shaheen Bagh). People of Delhi will have to think &amp; take a decision. They'll enter your houses, rape your sisters&amp;daughters, kill them. There's time today, Modi ji &amp; Amit Shah won't come to save you tomorrow..." https://t.co/1G801z5ZbM

2020-01-29 03:22:59,clarkshann,True,False,RT @SethAbramson: BREAKING: Weissmann‚Äîex-special counsel's office‚Äîtells MSNBC if Trump tries to keep Bolton from testifying, courts will ru‚Ä¶,

2020-01-29 03:22:57,PatriciaBrink16,True,False,RT @TrumpWarRoom: We just won a critical Supreme Court victory on immigration!

President @RealDonaldTrump: "We will now finally be able to‚Ä¶,

2020-01-29 03:22:59,LynnePatton,True,False,RT @LynnePattonHUD: @BenKallos @NYCMayor @SecretaryCarson @GaleBrewerNYC @Vanessalgibson @nycgov @NYCHA @NYCDHS @WestPoint_USMA @HUDgov @PO‚Ä¶,

2020-01-29 03:22:59,taeminh8r,True,True,RT @2Taurean2U: Policing a gay man for a joke in response to homophobic child abuse isn't the woke take *you* think it is, either.,‚Äúbetter not engage in homophobic domestic violence or they‚Äôll respond with elder abuse decades later‚Äù isn‚Äôt the woke take you think it is https://t.co/ACwXelb1HV

2020-01-29 03:22:59,RadicalLib,False,False,The Jewish leaders in Jerusalem around 30 AD had Jesus killed.

And when Peter and Stephen preached in Jerusalem they charged them with murder.

When preaching to Jews in other cities... They charged the leaders in Jerusalem with the murder.

https://t.co/vigX6UL78I,

2020-01-29 03:22:59,uwuilani,True,False,RT @LlLUZlSQUlRT: doctor said i have 4 days to live so i killed him and the judge gave me 30 years https://t.co/jE18Au1Fps,

2020-01-29 03:22:57,FarazZenith,True,False,RT @PChidambaram_IN: People want to hear facts about the economy, not abuse and rhetoric.,

2020-01-29 03:22:59,TerrenceYenter,True,True,RT @pattonoswalt: WHY do they still let him speak in public? This is elder abuse. You can even hear someone from FOX News giggling at him b‚Ä¶,Fox News cut away from Trump's rally immediately after his brain short-circuited https://t.co/0jgKzVLb9E

2020-01-29 03:22:59,Barneys1987,False,True,@jeremycorbyn Any comments on your brothers?

https://t.co/5LTCy2wQ3T,READ: another grooming gang rape case, Glasgow: Operation Cerrar had 55 suspects, all from Muslim-majority countries. There were 44 young victims. Crucially, Police in Scotland kept this from the public eye until a Daily Express investigation exposed it https://t.co/08SoaOmhv1

2020-01-29 03:22:59,LuLucy8,True,True,RT @neal_katyal: If they were briefed on it &amp; Trump decided to withhold Bolton‚Äôs testimony because of its contents, it would be a serious a‚Ä¶,Sources on the president's legal team say no one has reviewed Amb John Bolton's manuscript. But when pressed on whether anyone on the team has been briefed on it, they would not answer.

Thus, it is possible that the president's legal has been briefed on Bolton's upcoming book.

2020-01-29 03:22:59,haseebm965,True,False,RT @TGhazniwal: #Taliban: Operation launched against PD2 in Khwaja Alwan area of #Baghlan capital Puli Khumri city last night resulting in‚Ä¶,

2020-01-29 03:22:59,asunasgf,False,True,get killed too. this is what love means.,this girl about to get murdered n instead of calling 911 she calls her boyfriend sis what is he gonna do

2020-01-29 03:22:59,DirectSuraj,True,True,RT @Punnajiaka: Next time I catch Tharoor in plane i am going to ask him about mysterious murder of his wife...,The truth is that it was time someone gave him a taste of his own medicine. These are the words he regularly uses to berate his innocent victims, except he does so in a hectoring, bullying manner &amp; at higher volume &amp; pitch than @kunalkamra88 does in this video.

2020-01-29 03:22:59,leucinedreams,False,False,@LindseyBoylan Anyone mistreated by the establishment is in it for all the right reasons. No one endures that kind of abuse for amusement. Donating now.,

2020-01-29 03:22:58,IH0LLYW00DI,False,False,@realDonaldTrump IT‚ÄôS NOT A TRANSCRIPT, IT‚ÄôS A MEMO YOU IDIOT! You transfered the transcript to the secret server you, because thats what Innocent people do, HIDE the transcript. You‚Äôre so crooked its not funny anymore. Also your release a MEMO, an edited version of your conversation you fraud https://t.co/mYIcowJkZV,

2020-01-29 03:23:00,GisiAnthony,True,False,RT @MsAvaArmstrong: Twelve people in FBI and DOJ have been implicated in FISA Abuse. 
McCabe gets his 2 million pension.  Why isn‚Äôt he in p‚Ä¶,

2020-01-29 03:23:00,_____Melanie_,False,False,‚ÄòYou are wrong!‚Äô CNN‚Äôs Jeffrey Toobin obliterates Alan Dershowitz for insisting presidents can abuse power - https://t.co/yWfTpmTsFs,

2020-01-29 03:23:00,Christo89970026,False,False,Yah! They have no standard! They dont care about the elderly beyond their money. Abuse has gone unchecked against my Grams for years &amp; they distracted me with these awful, do nothing social workers who.. Like Ann Slavvkin said to me "What do you want me to do Chris",

2020-01-29 03:23:00,RainbowBitxh22,True,True,RT @goodgirlffaith: The comment section is why women have such a hard time opening up about abuse.,Selena Gomez said she was a victim of emotional abuse in her relationship with Justin Bieber. https://t.co/Roayt50ewX https://t.co/OvUqnbxK04

2020-01-29 03:23:00,RoseRose3940,True,False,RT @seanmdav: This is quite the development: Grassley and Johnson allege that four classified footnes in the IG report on FISA abuse direct‚Ä¶,

2020-01-29 03:23:00,jayblub22,True,True,RT @Cxmaron: https://t.co/Li8oU7PpZt,Experts Say Deadly Wuhan Virus Can Be Killed By Alcohol &amp;amp; High Temperatures! https://t.co/OhY12RYIy5

2020-01-29 03:23:00,simpostings,True,False,RT @cnnbrk: A police officer in Maryland was charged with murder after authorities say he shot an unarmed man seven times while he had him‚Ä¶,

2020-01-29 03:22:57,retclan,True,True,RT @sayonaarara: Selena Gomez gives me vibes that she‚Äôs the type of ex that will never let you move on and will keep giving you false hope‚Ä¶,Selena Gomez said she was a victim of emotional abuse in her relationship with Justin Bieber. https://t.co/Roayt50ewX https://t.co/OvUqnbxK04

2020-01-29 03:23:00,orchidtree41,True,True,RT @InspiringU2: Trump's CONTINUAL THREATS towards  our countries career politicians -must be EXTINGUISHED IMMEDIATELY!

Our country does n‚Ä¶,Dear @Twitter, @FBI &amp; Republican Senators: can you please immediately investigate @realDonaldTrump's clear THREAT against @RepAdamSchiff. It's not just a TOS violation, it's more ABUSE OF POWER, OBSTRUCTION OF CONGRESS and now a FEDERAL CRIME? #Trump #ImpeachmentTrial #AdamSchiff

2020-01-29 03:23:00,acekish,True,True,RT @davidmweissman: Abuse of power for personal profits, do you have no shame?,Trump Magazine 2020 üìï #HotOffThePress @Trump @TrumpHotels @TrumpGolf https://t.co/2w9d2xQovy

2020-01-29 03:23:00,annamariecicero,True,False,RT @DonaldJTrumpJr: Now is probably a good time to remind people that @CNN anchor @DonLemon is currently being sued in court for alleged se‚Ä¶,

2020-01-29 03:23:00,jiminhozeok,True,True,RT @Cxmaron: https://t.co/Li8oU7PpZt,Experts Say Deadly Wuhan Virus Can Be Killed By Alcohol &amp;amp; High Temperatures! https://t.co/OhY12RYIy5

2020-01-29 03:23:01,jackwaitro,True,True,RT @Cxmaron: https://t.co/Li8oU7PpZt,Experts Say Deadly Wuhan Virus Can Be Killed By Alcohol &amp;amp; High Temperatures! https://t.co/OhY12RYIy5

2020-01-29 03:23:01,pbrown9999,True,False,RT @shannonrwatts: A Maryland officer cuffed William Green‚Äôs arms behind his back and strapped him into a police cruiser. Officer Michael O‚Ä¶,

2020-01-29 03:22:57,FightingLA04,True,True,RT @galaamericana: why don;t you take a break, Schiff....go back to the standard hotel....dress in drag and rape little boys like you love‚Ä¶,Oh, look...Pencil Neck is now offering more "parody"...this time it's a parody of what the President's top notch legal team has presented during this impeachment sham. 

You're going to jail, Schiff.

Get over it.

2020-01-29 03:23:01,PnwLuna,False,False,@realDonaldTrump YOU ARE THE BIGGEST CON. You've been a fraud ALL of your life. #TrumpCrimeFamily,

2020-01-29 03:23:01,grammyteck,True,True,RT @BillNavari: Sorry, Slappy. The ‚ÄúMAGA world‚Äù doesn‚Äôt do the attacking, etc, but is continually attacked, insulted and demeaned by people‚Ä¶,1/ The fundamental underpinning of the fake outrage is simple.

The MAGA world wants the freedom to attack, insult, demean, and abuse anyone who doesn‚Äôt aggressively worship Donald Trump.

They can‚Äôt stand anyone who punches back, and hope they can intimidate or shame me.

2020-01-29 03:23:01,davidmarkbradle,True,False,RT @saradannerdukic: I still wonder if he was talking about Schumer, who on top of giving a mobster tickets to impeachment, has also been a‚Ä¶,

2020-01-29 03:23:01,clangeee03,True,False,RT @Mariestellersss: Love. Friendship. Family. Courage. Sacrifice. Betrayal. Selfishness. Abuse of power.

#BlockZhowing | Maris
@MissMaris‚Ä¶,

2020-01-29 03:23:01,fudebak_o,True,False,RT @Squerk_: I KILLED DK AT WHAT PERCENT??!!! I DID WHAT WITH WHO???!! BYLETH BROKEN??? THIS IS GOING TO BREAK THE GAME https://t.co/FjCzC4‚Ä¶,

2020-01-29 03:23:01,InF_Insanity,True,True,RT @Cxmaron: https://t.co/rdWDaj46HY https://t.co/Li8oU7PpZt,Experts Say Deadly Wuhan Virus Can Be Killed By Alcohol &amp;amp; High Temperatures! https://t.co/OhY12RYIy5

2020-01-29 03:23:01,gulrozusufzai,False,False,@Afghanlion7861 @Watercon4 @Mazlovepak @Zabi_Bahrami @ashrafghani What will u teach us. How to be ruled by foreigner. Who killed 60 Pakhtuns last week. Why don‚Äôt you have any shame khinzeer. U starting to sound like an Indian,

2020-01-29 03:23:01,alittleartwork,True,False,RT @Eminem: Business in the front / Murder in the back - #MTBMB Lithograph Set just dropped on the site - https://t.co/dPOUs5OSL5 https://t‚Ä¶,

2020-01-29 03:23:01,orsoncorsoni,False,True,Crickets...,Today at the Foreign Affairs Committee, I asked a simple question: could those arguing against killing Soleimani tell me one name of one American service member killed that does not justify killing this terrorist? The answer: radio silence. https://t.co/yOX6Sl7I72

2020-01-29 03:23:01,panaman16,True,False,RT @Squerk_: I KILLED DK AT WHAT PERCENT??!!! I DID WHAT WITH WHO???!! BYLETH BROKEN??? THIS IS GOING TO BREAK THE GAME https://t.co/FjCzC4‚Ä¶,

2020-01-29 03:23:00,NewsOfMideast,True,False,RT @JoeBiden: Imagine all the progress we could make in the next four years. We could make health care a right, lead on climate change, and‚Ä¶,

2020-01-29 03:23:02,cadiedorange172,True,False,RT @HeleneG46816352: East Kilbride dad caught with extreme bestiality &amp; child abuse pics spared jail https://t.co/v1RpHeaRWm,

2020-01-29 03:23:02,Wpcat3,False,True,CNN should fire him,Now is probably a good time to remind people that @CNN anchor @DonLemon is currently being sued in court for alleged sexual assault.

I guess CNN doesn't "believe all victims" when the person being credibly accused is one of their leftwing anchors. https://t.co/P0IZeuobvG

2020-01-29 03:23:02,singwithurhart,True,False,RT @deerhaunt: so women shouldn't talk about rape when the rapist is alive because it could ruin the rapist's life, &amp; women shouldn't talk‚Ä¶,

2020-01-29 03:23:02,Enoch_Root_,False,False,@jaxs_talks @KevinBurns1969 @mdsennett @EliseStefanik Years of cocaine and adderall abuse will do that.,

2020-01-29 03:23:02,mrselj,True,False,RT @EllenPompeo: So many questions I have ...if we are not tolerating abuse anymore... shouldn‚Äôt we be calling this out?  Exploiting women‚Ä¶,

2020-01-29 03:23:02,D_LivingLegend,True,True,RT @Ntjosh: Not to play genocide Olympics. But Congo was completely destroyed by Belgium and somehow you seem to forget that. Is it because‚Ä¶,The Holocaust remains the most horrific genocide in human history. It is difficult to grasp the level of hatred that killed 6 million Jews. Let us remember the victims of the Holocaust &amp; ensure that their¬†experiences will hold us accountable to our irrefutable vow: #NeverAgain https://t.co/7GqHpIMGIN

2020-01-29 03:23:02,coolusername94,True,True,RT @pattonoswalt: WHY do they still let him speak in public? This is elder abuse. You can even hear someone from FOX News giggling at him b‚Ä¶,Fox News cut away from Trump's rally immediately after his brain short-circuited https://t.co/0jgKzVLb9E

2020-01-29 03:23:02,caty_ferguson,True,True,RT @Cxmaron: https://t.co/Li8oU7PpZt,Experts Say Deadly Wuhan Virus Can Be Killed By Alcohol &amp;amp; High Temperatures! https://t.co/OhY12RYIy5

2020-01-29 03:23:02,Leoimpr,True,False,RT @ABCPolitics: Trump attorney Alan Dershowitz: "Even if a president‚Äîany president‚Äîwere to demand a quid pro quo as a condition to sending‚Ä¶,

2020-01-29 03:23:02,IndiaTodayFLASH,True,False,RT @IndiaToday: The #Nirbhaya rap and murder case convicts -- Mukesh Kumar Singh, Pawan Kumar Gupta, Vinay Kumar Sharma, and Akshay Kumar S‚Ä¶,

2020-01-29 03:23:02,ESTEPHwhat,True,True,RT @Cxmaron: https://t.co/Li8oU7PpZt,Experts Say Deadly Wuhan Virus Can Be Killed By Alcohol &amp;amp; High Temperatures! https://t.co/OhY12RYIy5

2020-01-29 03:23:02,simone_tims,True,False,RT @JordanSumbu: Quite pathetic that grown ass black men on here who unabashedly mocked Terry Crews‚Äô sexual assault, are now trying to refu‚Ä¶,

2020-01-29 03:23:02,parmona1,True,False,RT @dbongino: Mitt Romney isn‚Äôt a RINO, even RINOs are embarrassed by Mitt. Mitt‚Äôs a straight-up lib. He‚Äôs a climber and a gamer committed‚Ä¶,

2020-01-29 03:23:02,LoveShallTrump,True,True,RT @pattonoswalt: WHY do they still let him speak in public? This is elder abuse. You can even hear someone from FOX News giggling at him b‚Ä¶,Fox News cut away from Trump's rally immediately after his brain short-circuited https://t.co/0jgKzVLb9E

2020-01-29 03:23:02,universallove,True,True,RT @Sifill_LDF: BREAKING. Ofcr charged w/murder. This is beyond belief. Police officer who killed handcuffed Black man now arrested. The ha‚Ä¶,‚ÄúHere are the facts: I am unable to come to our community this evening and provide you with a reasonable explanation for the events that occurred last night,‚Äù Chief Henry P. Stawinski III said at a press conference

https://t.co/Y3dKhxo1wM

2020-01-29 03:23:02,MohanadElbalal,True,True,RT @MohamedAbdulwa: Shame on them all #FreePalestine https://t.co/tMYczVo4V7,Saudi Arabia, UAE, Bahrain, Egypt, and Oman support Trump‚Äôs plan to formalize Israel‚Äôs system of apartheid and land theft.

These are the same Muslim majority countries that support China‚Äôs Muslim concentration camps and India‚Äôs brutal and repressive measures in Kashmir.

2020-01-29 03:23:02,tsartbot,True,False,RT @SethAbramson: BREAKING: Weissmann‚Äîex-special counsel's office‚Äîtells MSNBC if Trump tries to keep Bolton from testifying, courts will ru‚Ä¶,

2020-01-29 03:23:02,GadgilSheetal,True,False,RT @inquestioner: All those men who raped, plundered &amp; killed innocent people during 2002 in Gujarat, how did they get back home to their f‚Ä¶,

2020-01-29 03:23:03,BigJ1914IM,False,True,Aw so they can charge the black cop but the white cops are justified more times than not?? Why Kap kneeled,A police officer in Maryland was charged with murder after authorities say he shot an unarmed man seven times while he had him handcuffed inside his cruiser https://t.co/DE6bqbtsJj https://t.co/3WchJe5nk5

2020-01-29 03:23:03,illslapyamom,True,True,RT @Cxmaron: https://t.co/Li8oU7PpZt,Experts Say Deadly Wuhan Virus Can Be Killed By Alcohol &amp;amp; High Temperatures! https://t.co/OhY12RYIy5

2020-01-29 03:23:03,debbie_gma,True,False,RT @ABC7Veronica: Ronna Leavitt lives near the crash site where #KobeBryant and eight others were killed. She says this @ring video from he‚Ä¶,

2020-01-29 03:23:03,Sir_Fleezus,False,True,I love the concept. But y‚Äôall killed it just throwin the paper instead of actually shootin ü§¶üèæ‚Äç‚ôÇÔ∏è,üó£ Kobe

(via @renzirodriguez) https://t.co/9ZQqjInGru

2020-01-29 03:23:03,AkClinch,True,True,RT @dmills3710: #WeThePeople Call For A #CaseOfNationalInterest Into #FamilyCourt #CPS #FosterCare System Nationwide‚ñ´Ô∏è 

Dedicated To #TheC‚Ä¶,#Childabuse and #sextrafficking are major issues within the United States #fostercare system. Learn more from @PJMedia_com Investigative Journalist and author Megan Fox on @AmericaTrendsTV with @AimeeFuller. https://t.co/zIUu9pZGob

2020-01-29 03:23:03,lilmouseame,True,False,RT @artofcai: In the growing cases of theft of my work, this one really takes the cake. https://t.co/xQtnlXbZrn,

2020-01-29 03:23:03,edgeaddictedcu1,True,False,RT @DommeTara: You‚Äôre addicted to me and you can‚Äôt help it , it‚Äôs okay just $end üòà 

#findom #femdom #finD #humiliation #blackmail #sissy #‚Ä¶,

2020-01-29 03:23:03,RuthHal74007069,True,True,RT @IlhanMN: This is not a peace plan. 

It is theft. It is erasure.,‚ÄúIsrael will apply its laws to the Jordan Valley and to the Jewish communities in Judea and Samaria."

That's the definition of annexation. This is an annexation plan, not a plan for peace.

2020-01-29 03:23:03,glockgirl5,True,False,RT @Trey_VonDinkis: .
üè¥LEFTIST TERRORISM - LEFTIST KILLS BOSS after POLITICAL ARGUMENT

Folks, Leftists are Deranged Losers - That Much is‚Ä¶,

2020-01-29 03:23:03,Light42Lime,True,False,RT @KermysReturn: https://t.co/wllSx4RCEX
OK so now that @simonjbridges @NZNationalParty are cleared of all party donations fraud. Can the‚Ä¶,

2020-01-29 03:23:03,flippershetu,False,False,@UPFRONT50 @ColorsTV @sidharth_shukla @Vivo_India @BeingSalmanKhan @ColorsTV ur channel has promoted feminism through fiction...now u r promoting female abuse through reality...shame ..they are no celebs ...worse than lower middle class people,

